https://www.kurume-shinai.ac.jp/college/,久留米信愛短期大学  久留米信愛短期大学公式サイト。地域に愛され、地域に貢献する、開かれた大学を目指して。 信愛は学生を育てる短期大学です。久留米市御井町。
,https://www.kurume-shinai.ac.jp/college/closeinfo/,久留米信愛短期大学  学生募集停止のお知らせ
,https://www.kurume-shinai.ac.jp/college/dousoukai/,久留米信愛短期大学  同窓会
,,https://www.kurume-shinai.ac.jp/college/dousoukai/d-dayori/,久留米信愛短期大学  同窓生だより・母校だより
,,https://www.kurume-shinai.ac.jp/college/dousoukai/jigyou/,久留米信愛短期大学  事業報告・部会報告
,https://www.kurume-shinai.ac.jp/college/for-graduates/,久留米信愛短期大学  卒業生の方へ


【取得失敗URL一覧】
URL,エラー理由
https://www.kurume-shinai.ac.jp/college/access/,HTTP 404
https://www.kurume-shinai.ac.jp/college/campuslife/,HTTP 404
https://www.kurume-shinai.ac.jp/college/campuslife/calendar/,HTTP 404
https://www.kurume-shinai.ac.jp/college/campuslife/clubs/,HTTP 404
https://www.kurume-shinai.ac.jp/college/campuslife/photogallery/,HTTP 404
https://www.kurume-shinai.ac.jp/college/campuslife/shisetsu/,HTTP 404
https://www.kurume-shinai.ac.jp/college/chiiki/,HTTP 404
https://www.kurume-shinai.ac.jp/college/chiiki/koryu/,HTTP 404
https://www.kurume-shinai.ac.jp/college/chiiki/sankaku/,HTTP 404
https://www.kurume-shinai.ac.jp/college/chiiki/shougai/,HTTP 404
https://www.kurume-shinai.ac.jp/college/chiiki/tsudoi/,HTTP 404
https://www.kurume-shinai.ac.jp/college/contact/,HTTP 404
https://www.kurume-shinai.ac.jp/college/course/,HTTP 404
https://www.kurume-shinai.ac.jp/college/facebook-page/,HTTP 404
https://www.kurume-shinai.ac.jp/college/for_examinee/,HTTP 404
https://www.kurume-shinai.ac.jp/college/for_parents/,HTTP 404
https://www.kurume-shinai.ac.jp/college/for_public/,HTTP 404
https://www.kurume-shinai.ac.jp/college/for_student/,HTTP 404
https://www.kurume-shinai.ac.jp/college/guide/,HTTP 404
https://www.kurume-shinai.ac.jp/college/guide/joho/,HTTP 404
https://www.kurume-shinai.ac.jp/college/guide/president/,HTTP 404
https://www.kurume-shinai.ac.jp/college/headline/,HTTP 404
https://www.kurume-shinai.ac.jp/college/job/,HTTP 404
https://www.kurume-shinai.ac.jp/college/job/attention/,HTTP 404
https://www.kurume-shinai.ac.jp/college/job/introduction/,HTTP 404
https://www.kurume-shinai.ac.jp/college/job/naitei/,HTTP 404
https://www.kurume-shinai.ac.jp/college/job/saiyo/,HTTP 404
https://www.kurume-shinai.ac.jp/college/job/support/,HTTP 404
https://www.kurume-shinai.ac.jp/college/nyugaku/open-campus/,HTTP 404
https://www.kurume-shinai.ac.jp/college/syoumei/,HTTP 404
