https://yamalog.flow-t.net/,福岡ドタバタ登山ブログ「ヤマログ」 - 1000m以下の低山を中心に初心者が四苦八苦しながら登山に挑戦するブログ福岡ドタバタ登山ブログ「ヤマログ」
,https://yamalog.flow-t.net/about/,このサイトについて - 福岡ドタバタ登山ブログ「ヤマログ」福岡ドタバタ登山ブログ「ヤマログ」
,https://yamalog.flow-t.net/camp/,キャンプ アーカイブ - 福岡ドタバタ登山ブログ「ヤマログ」福岡ドタバタ登山ブログ「ヤマログ」
,,https://yamalog.flow-t.net/camp/20210918/,モーラナイフと新しいフライパンでマーボーカレーのソロキャンプ - 福岡ドタバタ登山ブログ「ヤマログ」福岡ドタバタ登山ブログ「ヤマログ」
,,https://yamalog.flow-t.net/camp/culer-box-inner/,クーラーボックスの保冷剤を整理する内蓋をDIY - 福岡ドタバタ登山ブログ「ヤマログ」福岡ドタバタ登山ブログ「ヤマログ」
,,https://yamalog.flow-t.net/camp/hoki20201017/,保木公園、一人焚き火で怪しくつぶやく - 福岡ドタバタ登山ブログ「ヤマログ」福岡ドタバタ登山ブログ「ヤマログ」
,,https://yamalog.flow-t.net/camp/torigoe20210306/,2021年のキャンプ開きはとりごえ温泉から - 福岡ドタバタ登山ブログ「ヤマログ」福岡ドタバタ登山ブログ「ヤマログ」
,,https://yamalog.flow-t.net/camp/torigoe20210410/,4月のとりごえ温泉キャンプ - 福岡ドタバタ登山ブログ「ヤマログ」福岡ドタバタ登山ブログ「ヤマログ」
,https://yamalog.flow-t.net/climbing/,登山 アーカイブ - 福岡ドタバタ登山ブログ「ヤマログ」福岡ドタバタ登山ブログ「ヤマログ」
,,https://yamalog.flow-t.net/climbing/aburayama-2/,油山｜油山 - 福岡ドタバタ登山ブログ「ヤマログ」福岡ドタバタ登山ブログ「ヤマログ」
,,https://yamalog.flow-t.net/climbing/aburayama/,油山｜明日のためにその4！ - 福岡ドタバタ登山ブログ「ヤマログ」福岡ドタバタ登山ブログ「ヤマログ」
,,https://yamalog.flow-t.net/climbing/fugendake/,普賢岳｜島原遠征 - 福岡ドタバタ登山ブログ「ヤマログ」福岡ドタバタ登山ブログ「ヤマログ」
,,https://yamalog.flow-t.net/climbing/fukuchiyama-2/,福智山｜3年ぶりの福智山はメジャーな山とマイナーな山のいいとこ取りのナイスマウンテンでした - 福岡ドタバタ登山ブログ「ヤマログ」福岡ドタバタ登山ブログ「ヤマログ」
,,https://yamalog.flow-t.net/climbing/fukuchiyama/,福智山｜無題 - 福岡ドタバタ登山ブログ「ヤマログ」福岡ドタバタ登山ブログ「ヤマログ」
,,https://yamalog.flow-t.net/climbing/hikosan-2/,英彦山｜2回目の英彦山は梵字岩、鬼杉から南岳へ - 福岡ドタバタ登山ブログ「ヤマログ」福岡ドタバタ登山ブログ「ヤマログ」
,,https://yamalog.flow-t.net/climbing/hikosan/,英彦山｜英彦山で望雲台のドＳぶりに挑んできました - 福岡ドタバタ登山ブログ「ヤマログ」福岡ドタバタ登山ブログ「ヤマログ」
,,https://yamalog.flow-t.net/climbing/houmanzan-2/,宝満山｜宝満山は宝に満ちておりました(人´ω｀*).☆.。.:*・゜ - 福岡ドタバタ登山ブログ「ヤマログ」福岡ドタバタ登山ブログ「ヤマログ」
,,https://yamalog.flow-t.net/climbing/houmanzan-3/,宝満山｜テント泊デビュー！ - 福岡ドタバタ登山ブログ「ヤマログ」福岡ドタバタ登山ブログ「ヤマログ」
,,https://yamalog.flow-t.net/climbing/houmanzan-4/,宝満山｜行者道に挑戦！ - 福岡ドタバタ登山ブログ「ヤマログ」福岡ドタバタ登山ブログ「ヤマログ」
,,https://yamalog.flow-t.net/climbing/houmanzan-5/,宝満山｜宝満山で新アイテムテスト - 福岡ドタバタ登山ブログ「ヤマログ」福岡ドタバタ登山ブログ「ヤマログ」
,,https://yamalog.flow-t.net/climbing/houmanzan-6/,宝満山｜2017年も初日の出登山！ - 福岡ドタバタ登山ブログ「ヤマログ」福岡ドタバタ登山ブログ「ヤマログ」
,,https://yamalog.flow-t.net/climbing/houmanzan-7/,宝満山｜去年撃沈の難所ヶ滝、今年は!? - 福岡ドタバタ登山ブログ「ヤマログ」福岡ドタバタ登山ブログ「ヤマログ」
,,https://yamalog.flow-t.net/climbing/houmanzan-8/,宝満山｜「かもしか旧道」と「かもしか新道」って絶対名前逆だよね - 福岡ドタバタ登山ブログ「ヤマログ」福岡ドタバタ登山ブログ「ヤマログ」
,,https://yamalog.flow-t.net/climbing/houmanzan/,宝満山｜ついに来た！近くて遠い宝満山！ - 福岡ドタバタ登山ブログ「ヤマログ」福岡ドタバタ登山ブログ「ヤマログ」
,,https://yamalog.flow-t.net/climbing/iimoriyama-2/,飯盛山｜飯森山は小春日和 - 福岡ドタバタ登山ブログ「ヤマログ」福岡ドタバタ登山ブログ「ヤマログ」
,,https://yamalog.flow-t.net/climbing/iimoriyama-3/,飯盛山｜一人バーベキューに挑戦！╭( ･ㅂ･)و ̑̑ - 福岡ドタバタ登山ブログ「ヤマログ」福岡ドタバタ登山ブログ「ヤマログ」
,,https://yamalog.flow-t.net/climbing/iimoriyama-4/,飯盛山｜なんとなく山に行きたいそんなとき - 福岡ドタバタ登山ブログ「ヤマログ」福岡ドタバタ登山ブログ「ヤマログ」
,,https://yamalog.flow-t.net/climbing/iimoriyama/,飯盛山｜他の人についていけるように飯盛山で特訓するよ - 福岡ドタバタ登山ブログ「ヤマログ」福岡ドタバタ登山ブログ「ヤマログ」
,,https://yamalog.flow-t.net/climbing/itoshima3/,灘山｜(noindex)一年ぶりの糸島三座リターンズ-灘山- 福岡ドタバタ登山ブログ「ヤマログ」福岡ドタバタ登山ブログ「ヤマログ」
,,https://yamalog.flow-t.net/climbing/iwarayama-2/,井原山｜オオキツネノカミソリ - 福岡ドタバタ登山ブログ「ヤマログ」福岡ドタバタ登山ブログ「ヤマログ」
,,https://yamalog.flow-t.net/climbing/iwarayama/,井原山｜アイゼン奪還の旅！ - 福岡ドタバタ登山ブログ「ヤマログ」福岡ドタバタ登山ブログ「ヤマログ」
,,https://yamalog.flow-t.net/climbing/kanetsukiyama/,鐘撞山｜地図に載っていない幻？の山「鐘撞山」 - 福岡ドタバタ登山ブログ「ヤマログ」福岡ドタバタ登山ブログ「ヤマログ」
,,https://yamalog.flow-t.net/climbing/kanodake/,叶岳｜テント泊装備トレーニング - 福岡ドタバタ登山ブログ「ヤマログ」福岡ドタバタ登山ブログ「ヤマログ」
,,https://yamalog.flow-t.net/climbing/kanoudake/,叶岳｜オツキミ山登山 - 福岡ドタバタ登山ブログ「ヤマログ」福岡ドタバタ登山ブログ「ヤマログ」
,,https://yamalog.flow-t.net/climbing/kayasan-2/,可也山｜可也山フォレストアドベンチャー - 福岡ドタバタ登山ブログ「ヤマログ」福岡ドタバタ登山ブログ「ヤマログ」
,,https://yamalog.flow-t.net/climbing/kayasan/,可也山｜糸島の3つの山を一気に登る！その3「可也山」 - 福岡ドタバタ登山ブログ「ヤマログ」福岡ドタバタ登山ブログ「ヤマログ」
,,https://yamalog.flow-t.net/climbing/kinryusan/,金立山｜金立山へ。自然そのままのひっそり感とちょうどいい疲労感 - 福岡ドタバタ登山ブログ「ヤマログ」福岡ドタバタ登山ブログ「ヤマログ」
,,https://yamalog.flow-t.net/climbing/koshosan-2/,古処山｜4年ぶりの古処山は正面ルートで - 福岡ドタバタ登山ブログ「ヤマログ」福岡ドタバタ登山ブログ「ヤマログ」
,,https://yamalog.flow-t.net/climbing/koshosan/,古処山｜古処山は戦国時代のおもむき - 福岡ドタバタ登山ブログ「ヤマログ」福岡ドタバタ登山ブログ「ヤマログ」
,,https://yamalog.flow-t.net/climbing/koujidake/,柑子岳｜糸島の3つの山を一気に登る！その2「柑子岳」 - 福岡ドタバタ登山ブログ「ヤマログ」福岡ドタバタ登山ブログ「ヤマログ」
,,https://yamalog.flow-t.net/climbing/kujusan-2/,久住山｜久住山リベンジ - 福岡ドタバタ登山ブログ「ヤマログ」福岡ドタバタ登山ブログ「ヤマログ」
,,https://yamalog.flow-t.net/climbing/kujusan-3/,久住山｜2日目はとにかく生還することだけが目標に（汗 - 福岡ドタバタ登山ブログ「ヤマログ」福岡ドタバタ登山ブログ「ヤマログ」
,,https://yamalog.flow-t.net/climbing/kujusan-4/,久住山｜4度目の坊がつるは3人テント泊 - 福岡ドタバタ登山ブログ「ヤマログ」福岡ドタバタ登山ブログ「ヤマログ」
,,https://yamalog.flow-t.net/climbing/kujusan-5/,久住山｜アナ雪久住山 - 福岡ドタバタ登山ブログ「ヤマログ」福岡ドタバタ登山ブログ「ヤマログ」
,,https://yamalog.flow-t.net/climbing/kujusan/,久住山｜半年間ずっとオアズケされ続けていた久住山へ！ - 福岡ドタバタ登山ブログ「ヤマログ」福岡ドタバタ登山ブログ「ヤマログ」
,,https://yamalog.flow-t.net/climbing/kurokamiyama/,黒髪山｜岩が攻めてくる！黒髪って言うかむしろハゲだよね - 福岡ドタバタ登山ブログ「ヤマログ」福岡ドタバタ登山ブログ「ヤマログ」
,,https://yamalog.flow-t.net/climbing/mt_bishamon/,毘沙門山｜冬眠目覚めの一発目は糸島の超低山「毘沙門山」 - 福岡ドタバタ登山ブログ「ヤマログ」福岡ドタバタ登山ブログ「ヤマログ」
,,https://yamalog.flow-t.net/climbing/nadayama/,灘山｜糸島の3つの山を一気に登る！その1 - 福岡ドタバタ登山ブログ「ヤマログ」福岡ドタバタ登山ブログ「ヤマログ」
,,https://yamalog.flow-t.net/climbing/nijoudake-2/,二丈岳｜意外に楽しめたルーチン二丈岳 - 福岡ドタバタ登山ブログ「ヤマログ」福岡ドタバタ登山ブログ「ヤマログ」
,,https://yamalog.flow-t.net/climbing/nijoudake/,二丈岳｜明日のためにその6！ - 福岡ドタバタ登山ブログ「ヤマログ」福岡ドタバタ登山ブログ「ヤマログ」
,,https://yamalog.flow-t.net/climbing/nukisan-2/,貫山｜果てない草原、風がビュビュンとひとりぼっち（C）カスラック - 福岡ドタバタ登山ブログ「ヤマログ」福岡ドタバタ登山ブログ「ヤマログ」
,,https://yamalog.flow-t.net/climbing/nukisan/,貫山｜貫山トレッキングと千仏鍾乳洞ケイビング - 福岡ドタバタ登山ブログ「ヤマログ」福岡ドタバタ登山ブログ「ヤマログ」
,,https://yamalog.flow-t.net/climbing/raizan-2/,雷山｜井原山縦走ならずまた今度 - 福岡ドタバタ登山ブログ「ヤマログ」福岡ドタバタ登山ブログ「ヤマログ」
,,https://yamalog.flow-t.net/climbing/sangunsan-2/,宝満山｜難所ヶ滝ツアーに参加してきました！ - 福岡ドタバタ登山ブログ「ヤマログ」福岡ドタバタ登山ブログ「ヤマログ」
,,https://yamalog.flow-t.net/climbing/sangunsan-3/,三郡山｜ソロキャンプデビュー - 福岡ドタバタ登山ブログ「ヤマログ」福岡ドタバタ登山ブログ「ヤマログ」
,,https://yamalog.flow-t.net/climbing/sangunsan/,三郡山｜明日のためにその8！ - 福岡ドタバタ登山ブログ「ヤマログ」福岡ドタバタ登山ブログ「ヤマログ」
,,https://yamalog.flow-t.net/climbing/sefurisan/,背振山｜背振山クリーンアップ登山 - 福岡ドタバタ登山ブログ「ヤマログ」福岡ドタバタ登山ブログ「ヤマログ」
,,https://yamalog.flow-t.net/climbing/seirasan/,青螺山｜竜門峡から青螺山周回登山と乳待坊キャンプ - 福岡ドタバタ登山ブログ「ヤマログ」福岡ドタバタ登山ブログ「ヤマログ」
,,https://yamalog.flow-t.net/climbing/shakadake/,釈迦岳｜釈迦岳 - 福岡ドタバタ登山ブログ「ヤマログ」福岡ドタバタ登山ブログ「ヤマログ」
,,https://yamalog.flow-t.net/climbing/shioujiyama-2/,四王寺山｜四王寺山で地図読み練習 - 福岡ドタバタ登山ブログ「ヤマログ」福岡ドタバタ登山ブログ「ヤマログ」
,,https://yamalog.flow-t.net/climbing/shioujiyama-3/,四王寺山｜のほほんハイキングからの一人バーベキュー - 福岡ドタバタ登山ブログ「ヤマログ」福岡ドタバタ登山ブログ「ヤマログ」
,,https://yamalog.flow-t.net/climbing/shioujiyama-4/,四王寺山｜四王寺山のんびり散歩 - 福岡ドタバタ登山ブログ「ヤマログ」福岡ドタバタ登山ブログ「ヤマログ」
,,https://yamalog.flow-t.net/climbing/shioujiyama/,四王寺山｜明日のためにその9！ - 福岡ドタバタ登山ブログ「ヤマログ」福岡ドタバタ登山ブログ「ヤマログ」
,,https://yamalog.flow-t.net/climbing/sioujiyama/,四王寺山｜案内板に翻弄されまくり登山 - 福岡ドタバタ登山ブログ「ヤマログ」福岡ドタバタ登山ブログ「ヤマログ」
,,https://yamalog.flow-t.net/climbing/tachibanayama-2/,立花山｜初登山の立花山へ帰ってきました！ - 福岡ドタバタ登山ブログ「ヤマログ」福岡ドタバタ登山ブログ「ヤマログ」
,,https://yamalog.flow-t.net/climbing/tachibanayama/,立花山｜おんぶにだっこの2回目登山 - 福岡ドタバタ登山ブログ「ヤマログ」福岡ドタバタ登山ブログ「ヤマログ」
,,https://yamalog.flow-t.net/climbing/takasuyama/,高祖山｜明日のためにその3！ - 福岡ドタバタ登山ブログ「ヤマログ」福岡ドタバタ登山ブログ「ヤマログ」
,,https://yamalog.flow-t.net/climbing/tateishiyama-2/,立石山｜芥屋キャンプ場でテント泊 - 福岡ドタバタ登山ブログ「ヤマログ」福岡ドタバタ登山ブログ「ヤマログ」
,,https://yamalog.flow-t.net/climbing/tateishiyama-3/,立石山｜こんな貴重な小春日和は海と山を同時に楽しめる立石山しかない！ - 福岡ドタバタ登山ブログ「ヤマログ」福岡ドタバタ登山ブログ「ヤマログ」
,,https://yamalog.flow-t.net/climbing/tateishiyama/,立石山｜「立石山」海と山が同時に味わえる珍しい山に行ってきました - 福岡ドタバタ登山ブログ「ヤマログ」福岡ドタバタ登山ブログ「ヤマログ」
,,https://yamalog.flow-t.net/climbing/tenpaizan-2/,天拝山｜撃沈登山デビューorz - 福岡ドタバタ登山ブログ「ヤマログ」福岡ドタバタ登山ブログ「ヤマログ」
,,https://yamalog.flow-t.net/climbing/tenpaizan-3/,天拝山｜タケノコニョッキに草スキーが大好きー（昭和ギャグ） - 福岡ドタバタ登山ブログ「ヤマログ」福岡ドタバタ登山ブログ「ヤマログ」
,,https://yamalog.flow-t.net/climbing/tenpaizan/,天拝山｜明日のためにその2！ - 福岡ドタバタ登山ブログ「ヤマログ」福岡ドタバタ登山ブログ「ヤマログ」
,,https://yamalog.flow-t.net/climbing/tenzan/,天山｜天山から巨石パーク - 福岡ドタバタ登山ブログ「ヤマログ」福岡ドタバタ登山ブログ「ヤマログ」
,,https://yamalog.flow-t.net/climbing/tokamidake/,砥上岳｜控えめな存在ながら満足度が高い砥上岳 - 福岡ドタバタ登山ブログ「ヤマログ」福岡ドタバタ登山ブログ「ヤマログ」
,,https://yamalog.flow-t.net/climbing/tonboyama-2/,十坊山｜とんぼホタル - 福岡ドタバタ登山ブログ「ヤマログ」福岡ドタバタ登山ブログ「ヤマログ」
,,https://yamalog.flow-t.net/climbing/tonboyama/,十坊山｜十坊山から浮嶽へ - 福岡ドタバタ登山ブログ「ヤマログ」福岡ドタバタ登山ブログ「ヤマログ」
,,https://yamalog.flow-t.net/climbing/ushikubiyama-2/,牛頸山｜にしてつレッツハイクに初参加！ - 福岡ドタバタ登山ブログ「ヤマログ」福岡ドタバタ登山ブログ「ヤマログ」
,,https://yamalog.flow-t.net/climbing/ushikubiyama/,牛頸山｜大野城いこいの森キャンプ場でテント泊練習 - 福岡ドタバタ登山ブログ「ヤマログ」福岡ドタバタ登山ブログ「ヤマログ」
,,https://yamalog.flow-t.net/climbing/wakasugiyama-2/,三郡山｜宝満山→三郡山→頭巾山→砥石山→若杉山の五座縦走にチャレンジ - 福岡ドタバタ登山ブログ「ヤマログ」福岡ドタバタ登山ブログ「ヤマログ」
,,https://yamalog.flow-t.net/climbing/wakasugiyama/,若杉山｜若杉山〜宝満山縦走 - 福岡ドタバタ登山ブログ「ヤマログ」福岡ドタバタ登山ブログ「ヤマログ」
,,https://yamalog.flow-t.net/climbing/yufudake-2/,由布岳｜「由布岳を射んとすれば先ず馬を射よ」うとして馬にやられた的なやーつー - 福岡ドタバタ登山ブログ「ヤマログ」福岡ドタバタ登山ブログ「ヤマログ」
,,https://yamalog.flow-t.net/climbing/yufudake/,由布岳｜由布岳リベンジの連休3日目 - 福岡ドタバタ登山ブログ「ヤマログ」福岡ドタバタ登山ブログ「ヤマログ」
,https://yamalog.flow-t.net/gear/,アウトドア道具 アーカイブ - 福岡ドタバタ登山ブログ「ヤマログ」福岡ドタバタ登山ブログ「ヤマログ」
,,https://yamalog.flow-t.net/gear/airise/,地味。でも裏切らない。アライテントの「エアライズ」 - 福岡ドタバタ登山ブログ「ヤマログ」福岡ドタバタ登山ブログ「ヤマログ」
,,https://yamalog.flow-t.net/gear/annter-tent/,本当に30秒で設営完了できたANNTERワンタッチテントが想像以上に使える - 福岡ドタバタ登山ブログ「ヤマログ」福岡ドタバタ登山ブログ「ヤマログ」
,,https://yamalog.flow-t.net/gear/astro-produccts-axe/,アストロプロダクツの1500円手斧が普通にソロキャンで活躍してる件 - 福岡ドタバタ登山ブログ「ヤマログ」福岡ドタバタ登山ブログ「ヤマログ」
,,https://yamalog.flow-t.net/gear/atomcam/,アクションカメラは当分ATOM Camで戦えるなと思った - 福岡ドタバタ登山ブログ「ヤマログ」福岡ドタバタ登山ブログ「ヤマログ」
,,https://yamalog.flow-t.net/gear/baisokutouketsu/,キャンプの保冷剤はロゴスの「倍速凍結」以外に考えられない！ - 福岡ドタバタ登山ブログ「ヤマログ」福岡ドタバタ登山ブログ「ヤマログ」
,,https://yamalog.flow-t.net/gear/baltoro/,グレゴリーのバルトロ85の実力が文句なしに凄い - 福岡ドタバタ登山ブログ「ヤマログ」福岡ドタバタ登山ブログ「ヤマログ」
,,https://yamalog.flow-t.net/gear/bergtech/,ミズノのベルグテックはゴアテックスクラスの防水透湿性能とコスパ - 福岡ドタバタ登山ブログ「ヤマログ」福岡ドタバタ登山ブログ「ヤマログ」
,,https://yamalog.flow-t.net/gear/bundok-solo-base/,BUNDOK　ソロベース　レビュー - 福岡ドタバタ登山ブログ「ヤマログ」福岡ドタバタ登山ブログ「ヤマログ」
,,https://yamalog.flow-t.net/gear/butterfly-lantern-1/,バタフライランタンとかいうペトロマックス以上にロマンを感じるランタン - 福岡ドタバタ登山ブログ「ヤマログ」福岡ドタバタ登山ブログ「ヤマログ」
,,https://yamalog.flow-t.net/gear/butterfly-lantern-2/,バタフライランタン点灯までのデスロード - 福岡ドタバタ登山ブログ「ヤマログ」福岡ドタバタ登山ブログ「ヤマログ」
,,https://yamalog.flow-t.net/gear/butterfly-lantern-needle/,中華ペトロマックス「バタフライランタン」のニードルが永遠に折れ続ける問題 - 福岡ドタバタ登山ブログ「ヤマログ」福岡ドタバタ登山ブログ「ヤマログ」
,,https://yamalog.flow-t.net/gear/butterfly-lantern-overflow/,中華ペトロマックス「バタフライランタン」の圧力が抜けるので鉛ワッシャー交換したら直った - 福岡ドタバタ登山ブログ「ヤマログ」福岡ドタバタ登山ブログ「ヤマログ」
,,https://yamalog.flow-t.net/gear/c1/,登山靴　キャラバン「C1」 - 福岡ドタバタ登山ブログ「ヤマログ」福岡ドタバタ登山ブログ「ヤマログ」
,,https://yamalog.flow-t.net/gear/camera_holder/,デジカメベルトホルダー - 福岡ドタバタ登山ブログ「ヤマログ」福岡ドタバタ登山ブログ「ヤマログ」
,,https://yamalog.flow-t.net/gear/captain-stag-mat/,サーマレストじゃなくてキャプテンスタッグでよくない？ - 福岡ドタバタ登山ブログ「ヤマログ」福岡ドタバタ登山ブログ「ヤマログ」
,,https://yamalog.flow-t.net/gear/captainstag-mini-table/,Amazonレビュー2000件超えのキャプテンスタッグのアルミミニテーブルはソロキャンプに使えるのか - 福岡ドタバタ登山ブログ「ヤマログ」福岡ドタバタ登山ブログ「ヤマログ」
,,https://yamalog.flow-t.net/gear/carry-wagon/,アウトドアキャリーワゴンはコールマン以外から選びなさい - 福岡ドタバタ登山ブログ「ヤマログ」福岡ドタバタ登山ブログ「ヤマログ」
,,https://yamalog.flow-t.net/gear/cha-cha-pack/,モンベル チャチャパック- 登山初心者にもおすすめの万能ザック - 福岡ドタバタ登山ブログ「ヤマログ」福岡ドタバタ登山ブログ「ヤマログ」
,,https://yamalog.flow-t.net/gear/chachapack/,モンベルのチャチャパック、目立った機能はないけど必要な機能をきっちり抑えたザック - 福岡ドタバタ登山ブログ「ヤマログ」福岡ドタバタ登山ブログ「ヤマログ」
,,https://yamalog.flow-t.net/gear/circustc/,オシャレ系テント「テンマクデザイン　サーカスTC」 - 福岡ドタバタ登山ブログ「ヤマログ」福岡ドタバタ登山ブログ「ヤマログ」
,,https://yamalog.flow-t.net/gear/cooker-2/,コッヘル　snow peak　トレック900 - 福岡ドタバタ登山ブログ「ヤマログ」福岡ドタバタ登山ブログ「ヤマログ」
,,https://yamalog.flow-t.net/gear/cooker-combo/,組み合わせ次第で七変化！SOTO「サーモスタットクッカーコンボ」 - 福岡ドタバタ登山ブログ「ヤマログ」福岡ドタバタ登山ブログ「ヤマログ」
,,https://yamalog.flow-t.net/gear/couger/,カリマーのクーガーは「まだ入るの？」というぐらい頼もしい収納力が魅力 - 福岡ドタバタ登山ブログ「ヤマログ」福岡ドタバタ登山ブログ「ヤマログ」
,,https://yamalog.flow-t.net/gear/cross-warmer/,直火NGの缶詰をあたためる「CROSS WARMER」 - 福岡ドタバタ登山ブログ「ヤマログ」福岡ドタバタ登山ブログ「ヤマログ」
,,https://yamalog.flow-t.net/gear/dabada-pole/,最安トレッキングポールはダメだったけど、DABADAはめっちゃ使える - 福岡ドタバタ登山ブログ「ヤマログ」福岡ドタバタ登山ブログ「ヤマログ」
,,https://yamalog.flow-t.net/gear/danner-field/,ダナーライトの半額以下！？　ダナーの常識をひっくり返す期待の新星登山靴「ダナーフィールド」 - 福岡ドタバタ登山ブログ「ヤマログ」福岡ドタバタ登山ブログ「ヤマログ」
,,https://yamalog.flow-t.net/gear/dod-kamaboko-tent/,DOD　カマボコテント　レビュー - 福岡ドタバタ登山ブログ「ヤマログ」福岡ドタバタ登山ブログ「ヤマログ」
,,https://yamalog.flow-t.net/gear/dod-natural-tarp/,見た目だけで買ったDODのナチュラルタープが期待以上の品質だった - 福岡ドタバタ登山ブログ「ヤマログ」福岡ドタバタ登山ブログ「ヤマログ」
,,https://yamalog.flow-t.net/gear/dragonfly/,ガソリン式シングルバーナーMSRのドラゴンフライは男のロマンね - 福岡ドタバタ登山ブログ「ヤマログ」福岡ドタバタ登山ブログ「ヤマログ」
,,https://yamalog.flow-t.net/gear/drinkholder/,ドリンクホルダーHOLD TUBE「ANTHEM BOTTLE CASE」 - 福岡ドタバタ登山ブログ「ヤマログ」福岡ドタバタ登山ブログ「ヤマログ」
,,https://yamalog.flow-t.net/gear/ellisse-stake/,日本の職人魂が叩き込まれた最強に頑丈なペグ「エリッゼステーク」 - 福岡ドタバタ登山ブログ「ヤマログ」福岡ドタバタ登山ブログ「ヤマログ」
,,https://yamalog.flow-t.net/gear/eyemag/,メガネ型カメラが意外と使える - 福岡ドタバタ登山ブログ「ヤマログ」福岡ドタバタ登山ブログ「ヤマログ」
,,https://yamalog.flow-t.net/gear/field-hopper/,SOTOのミニ折りたたみテーブル「フィールドホッパー」が想像以上に使える - 福岡ドタバタ登山ブログ「ヤマログ」福岡ドタバタ登山ブログ「ヤマログ」
,,https://yamalog.flow-t.net/gear/fieldoor-tarp/,安いのに実用性充分FIELDOORヘキサタープ - 福岡ドタバタ登山ブログ「ヤマログ」福岡ドタバタ登山ブログ「ヤマログ」
,,https://yamalog.flow-t.net/gear/fire-bluster/,火吹き棒？うちわで充分だろメーンと思ってる貴兄へ - 福岡ドタバタ登山ブログ「ヤマログ」福岡ドタバタ登山ブログ「ヤマログ」
,,https://yamalog.flow-t.net/gear/fire-hanger/,中華製焚き火ハンガー4種比較 - 福岡ドタバタ登山ブログ「ヤマログ」福岡ドタバタ登山ブログ「ヤマログ」
,,https://yamalog.flow-t.net/gear/fire-pan/,キミは「たき火フライパン」という浪漫飛行に4200円を投資できるか - 福岡ドタバタ登山ブログ「ヤマログ」福岡ドタバタ登山ブログ「ヤマログ」
,,https://yamalog.flow-t.net/gear/firedisk/,コールマンの焚き火台「ファイアーディスク」は1枚円盤デザインがスタイリッシュ - 福岡ドタバタ登山ブログ「ヤマログ」福岡ドタバタ登山ブログ「ヤマログ」
,,https://yamalog.flow-t.net/gear/fujifilm_x-t10/,デジカメ「富士フイルム　X-T10」 - 福岡ドタバタ登山ブログ「ヤマログ」福岡ドタバタ登山ブログ「ヤマログ」
,,https://yamalog.flow-t.net/gear/futura42/,ザック　ドイター　フューチュラ42 - 福岡ドタバタ登山ブログ「ヤマログ」福岡ドタバタ登山ブログ「ヤマログ」
,,https://yamalog.flow-t.net/gear/geertop-tent/,夏の蒸し地獄にオサラバ！「GEERTOP」テントが超快適！ - 福岡ドタバタ登山ブログ「ヤマログ」福岡ドタバタ登山ブログ「ヤマログ」
,,https://yamalog.flow-t.net/gear/geoline/,モンベルのジオラインは寒いときも暑いときも快適に過ごせるセントラルヒーティング - 福岡ドタバタ登山ブログ「ヤマログ」福岡ドタバタ登山ブログ「ヤマログ」
,,https://yamalog.flow-t.net/gear/getent/,ナチュラルキャンプならこれ！ニュートラルアウトドアのGEテント - 福岡ドタバタ登山ブログ「ヤマログ」福岡ドタバタ登山ブログ「ヤマログ」
,,https://yamalog.flow-t.net/gear/gregory-staut/,軽快に生まれ変わったグレゴリーのスタウト - 福岡ドタバタ登山ブログ「ヤマログ」福岡ドタバタ登山ブログ「ヤマログ」
,,https://yamalog.flow-t.net/gear/grill/,一人バーベキューの強い味方！　組み立て式コンパクトグリル「秘密のグリルちゃん」 - 福岡ドタバタ登山ブログ「ヤマログ」福岡ドタバタ登山ブログ「ヤマログ」
,,https://yamalog.flow-t.net/gear/hakukin/,13倍暖かい！登山のカイロはハクキンカイロで決まり！ - 福岡ドタバタ登山ブログ「ヤマログ」福岡ドタバタ登山ブログ「ヤマログ」
,,https://yamalog.flow-t.net/gear/hotsandmaker/,Amazon1位のホットサンドメーカーが使いにくかったので買い替えた - 福岡ドタバタ登山ブログ「ヤマログ」福岡ドタバタ登山ブログ「ヤマログ」
,,https://yamalog.flow-t.net/gear/hyperlightm/,スリーピングマット　エクスペド　シンマット　ハイパーライトM - 福岡ドタバタ登山ブログ「ヤマログ」福岡ドタバタ登山ブログ「ヤマログ」
,,https://yamalog.flow-t.net/gear/iwatani-stove/,冬キャンの味方！イワタニ　カセットガスストーブが「マイ暖」としてパワーアップ！ - 福岡ドタバタ登山ブログ「ヤマログ」福岡ドタバタ登山ブログ「ヤマログ」
,,https://yamalog.flow-t.net/gear/jetboil/,え、ジェットボイルがただの湯沸かし野郎？　君、「マイティーモ」を知らないなんて遅れてるね - 福岡ドタバタ登山ブログ「ヤマログ」福岡ドタバタ登山ブログ「ヤマログ」
,,https://yamalog.flow-t.net/gear/kamaboko/,大人気！グランピング気分の余裕が魅力「カマボコテント」 - 福岡ドタバタ登山ブログ「ヤマログ」福岡ドタバタ登山ブログ「ヤマログ」
,,https://yamalog.flow-t.net/gear/kaoru/,こんなの欲しかった！　ストーブにもなる1台4役の燻製器「すごいよカオルさん」が本当にすごい！ - 福岡ドタバタ登山ブログ「ヤマログ」福岡ドタバタ登山ブログ「ヤマログ」
,,https://yamalog.flow-t.net/gear/karrimor_ridge/,カリマー リッジ30 - 20年以上愛され続ける定番ザックを徹底レビュー - 福岡ドタバタ登山ブログ「ヤマログ」福岡ドタバタ登山ブログ「ヤマログ」
,,https://yamalog.flow-t.net/gear/kestrel/,オスプレイのケストレルはストック脇差しスタイルが最高に便利！ - 福岡ドタバタ登山ブログ「ヤマログ」福岡ドタバタ登山ブログ「ヤマログ」
,,https://yamalog.flow-t.net/gear/knife/,サバイバルナイフ　ベルモント「陸刀」 - 福岡ドタバタ登山ブログ「ヤマログ」福岡ドタバタ登山ブログ「ヤマログ」
,,https://yamalog.flow-t.net/gear/mammut_ducan_spine/,マムートのデュカンスパイン28-35：革新的背面システムの実力を徹底検証 - 福岡ドタバタ登山ブログ「ヤマログ」福岡ドタバタ登山ブログ「ヤマログ」
,,https://yamalog.flow-t.net/gear/merino-wool/,ヒートテックを10年間ゴミ扱いしてきた僕がメリノウールに絶大な信頼を置く理由 - 福岡ドタバタ登山ブログ「ヤマログ」福岡ドタバタ登山ブログ「ヤマログ」
,,https://yamalog.flow-t.net/gear/millet_wanaka/,【レビュー】ミレー ワナカ30L|登山用バックパックの使用感と魅力 - 福岡ドタバタ登山ブログ「ヤマログ」福岡ドタバタ登山ブログ「ヤマログ」
,,https://yamalog.flow-t.net/gear/moab/,最強に滑らない「ビブラムソール」を履いた日本唯一のシューズ「メレル　モアブ」 - 福岡ドタバタ登山ブログ「ヤマログ」福岡ドタバタ登山ブログ「ヤマログ」
,,https://yamalog.flow-t.net/gear/mont-bell-galena-pack/,モンベル「ガレナパック」が登山だけじゃなく普段使いにもおすすめな理由 - 福岡ドタバタ登山ブログ「ヤマログ」福岡ドタバタ登山ブログ「ヤマログ」
,,https://yamalog.flow-t.net/gear/mont-bell-granite-pack/,防水性能に自信あり！レインカバーいらずのグラナイトパックで雨の日の登山も快適に - 福岡ドタバタ登山ブログ「ヤマログ」福岡ドタバタ登山ブログ「ヤマログ」
,,https://yamalog.flow-t.net/gear/mont-bell-kitra-pack/,モンベルの快適背負いシステム　キトラパックの3Dフィット・ステーを体験 - 福岡ドタバタ登山ブログ「ヤマログ」福岡ドタバタ登山ブログ「ヤマログ」
,,https://yamalog.flow-t.net/gear/mont-bell-spike/,アイゼン　モンベル　スノースパイク6 - 福岡ドタバタ登山ブログ「ヤマログ」福岡ドタバタ登山ブログ「ヤマログ」
,,https://yamalog.flow-t.net/gear/mont-bell-storm-pack/,モンベル ストームパック　レビュー　防水性と軽さを両立！ - 福岡ドタバタ登山ブログ「ヤマログ」福岡ドタバタ登山ブログ「ヤマログ」
,,https://yamalog.flow-t.net/gear/mont-bell-superior/,ダウンジャケット　モンベル　スペリオダウン - 福岡ドタバタ登山ブログ「ヤマログ」福岡ドタバタ登山ブログ「ヤマログ」
,,https://yamalog.flow-t.net/gear/mont-bell-versalite-pack/,モンベルのうすうすULザック「バーサライトパック」は本当に使えるのか? - 福岡ドタバタ登山ブログ「ヤマログ」福岡ドタバタ登山ブログ「ヤマログ」
,,https://yamalog.flow-t.net/gear/montbell-backpack/,チャチャパック、パーサライト…モンベルのザック、どれを選べばいいの？徹底解説！ - 福岡ドタバタ登山ブログ「ヤマログ」福岡ドタバタ登山ブログ「ヤマログ」
,,https://yamalog.flow-t.net/gear/montbell-sacoche/,モンベルのU.L.MONOはレジ袋じゃなくて立派なサコッシュ！ - 福岡ドタバタ登山ブログ「ヤマログ」福岡ドタバタ登山ブログ「ヤマログ」
,,https://yamalog.flow-t.net/gear/montbell-zelt/,モンベルのツェルトは底面の重なりが至高 - 福岡ドタバタ登山ブログ「ヤマログ」福岡ドタバタ登山ブログ「ヤマログ」
,,https://yamalog.flow-t.net/gear/moon-light-tent/,モンベル　ムーンライトテント　レビュー - 福岡ドタバタ登山ブログ「ヤマログ」福岡ドタバタ登山ブログ「ヤマログ」
,,https://yamalog.flow-t.net/gear/msr-stove/,msrのウィスパーライトとドラゴンフライって何が違うの？ - 福岡ドタバタ登山ブログ「ヤマログ」福岡ドタバタ登山ブログ「ヤマログ」
,,https://yamalog.flow-t.net/gear/muson/,GoProのパクｒ…中国製アクションカメラが凄い！ - 福岡ドタバタ登山ブログ「ヤマログ」福岡ドタバタ登山ブログ「ヤマログ」
,,https://yamalog.flow-t.net/gear/naturehike%e3%81%ae%e3%83%86%e3%83%b3%e3%83%88%e3%80%81%e4%b8%ad%e8%8f%af%e3%81%a0%e3%81%8b%e3%82%89%e3%81%a3%e3%81%a6%e7%94%98%e3%81%8f%e8%a6%8b%e3%81%a6%e3%81%9f/,NatureHikeのテント、中華だからって甘く見てた - 福岡ドタバタ登山ブログ「ヤマログ」福岡ドタバタ登山ブログ「ヤマログ」
,,https://yamalog.flow-t.net/gear/north-star/,明るさと手軽さが魅力！コールマンのガス式ランタン「ノーススター2500」 - 福岡ドタバタ登山ブログ「ヤマログ」福岡ドタバタ登山ブログ「ヤマログ」
,,https://yamalog.flow-t.net/gear/onoe-table/,焚き火するなら尾上製作所のマルチファイアテーブル - 福岡ドタバタ登山ブログ「ヤマログ」福岡ドタバタ登山ブログ「ヤマログ」
,,https://yamalog.flow-t.net/gear/outlander/,ザック OUTLANDER 50L（中華） - 福岡ドタバタ登山ブログ「ヤマログ」福岡ドタバタ登山ブログ「ヤマログ」
,,https://yamalog.flow-t.net/gear/pico-grill/,ピコグリル　レビュー - 福岡ドタバタ登山ブログ「ヤマログ」福岡ドタバタ登山ブログ「ヤマログ」
,,https://yamalog.flow-t.net/gear/picogrill/,ソロキャン焚き火台はピコグリルしか考えられない！ - 福岡ドタバタ登山ブログ「ヤマログ」福岡ドタバタ登山ブログ「ヤマログ」
,,https://yamalog.flow-t.net/gear/platypus/,ソフトボトルはプラティパスで決まり！…かと思ったらエバニューが最強だった - 福岡ドタバタ登山ブログ「ヤマログ」福岡ドタバタ登山ブログ「ヤマログ」
,,https://yamalog.flow-t.net/gear/pocket-boy/,シルキー ポケットボーイという、小さいくせに使えるノコギリ - 福岡ドタバタ登山ブログ「ヤマログ」福岡ドタバタ登山ブログ「ヤマログ」
,,https://yamalog.flow-t.net/gear/pocket-torch/,SOTOのポケトーチがアウトドアでの「火が付かない！」を解決してくれた - 福岡ドタバタ登山ブログ「ヤマログ」福岡ドタバタ登山ブログ「ヤマログ」
,,https://yamalog.flow-t.net/gear/pole-2/,トレッキングポール　キャプテンスタッグ FEEL BOSCO - 福岡ドタバタ登山ブログ「ヤマログ」福岡ドタバタ登山ブログ「ヤマログ」
,,https://yamalog.flow-t.net/gear/pouch/,ノーブランド　ウエストポーチ - 福岡ドタバタ登山ブログ「ヤマログ」福岡ドタバタ登山ブログ「ヤマログ」
,,https://yamalog.flow-t.net/gear/ridge/,ザック　カリマー　リッジ - 福岡ドタバタ登山ブログ「ヤマログ」福岡ドタバタ登山ブログ「ヤマログ」
,,https://yamalog.flow-t.net/gear/roaster/,火起こし器　キャプテンスタッグ　炭焼き名人 - 福岡ドタバタ登山ブログ「ヤマログ」福岡ドタバタ登山ブログ「ヤマログ」
,,https://yamalog.flow-t.net/gear/saasfee/,地味だけどだんだん好きになるミレーの定番ザック「サースフェー」 - 福岡ドタバタ登山ブログ「ヤマログ」福岡ドタバタ登山ブログ「ヤマログ」
,,https://yamalog.flow-t.net/gear/sacoche-2/,「山と道」のサコッシュがオシャレで実用性も抜群だった - 福岡ドタバタ登山ブログ「ヤマログ」福岡ドタバタ登山ブログ「ヤマログ」
,,https://yamalog.flow-t.net/gear/sacoche/,サコッシュ便利すぎワロタ　これはもうドラえもんのポケットですわ - 福岡ドタバタ登山ブログ「ヤマログ」福岡ドタバタ登山ブログ「ヤマログ」
,,https://yamalog.flow-t.net/gear/sakosh-granite-gear/,軽さ、強さ、使いやすさの三拍子揃ったサコッシュはグラナイトギアで決まり！ - 福岡ドタバタ登山ブログ「ヤマログ」福岡ドタバタ登山ブログ「ヤマログ」
,,https://yamalog.flow-t.net/gear/sea_anchor/,バタフライランタンとシーアンカーランタンを比べてみた - 福岡ドタバタ登山ブログ「ヤマログ」福岡ドタバタ登山ブログ「ヤマログ」
,,https://yamalog.flow-t.net/gear/sierra-cup/,シェラカップ　レビュー - 福岡ドタバタ登山ブログ「ヤマログ」福岡ドタバタ登山ブログ「ヤマログ」
,,https://yamalog.flow-t.net/gear/snow-peak-firestand/,焚き火台人気ナンバー１！スノーピークの「焚き火台」って何がそんなにいいの？ - 福岡ドタバタ登山ブログ「ヤマログ」福岡ドタバタ登山ブログ「ヤマログ」
,,https://yamalog.flow-t.net/gear/snow-peak-sierra/,シェラカップはスノーピークが一番持ちやすいね - 福岡ドタバタ登山ブログ「ヤマログ」福岡ドタバタ登山ブログ「ヤマログ」
,,https://yamalog.flow-t.net/gear/snowpeak-firestand/,スノーピーク嫌いな僕が焚き火台をスノーピークにした理由 - 福岡ドタバタ登山ブログ「ヤマログ」福岡ドタバタ登山ブログ「ヤマログ」
,,https://yamalog.flow-t.net/gear/solid-stake-ellisse-stake/,ソリッドステークとエリッゼステーク結局どっち？ - 福岡ドタバタ登山ブログ「ヤマログ」福岡ドタバタ登山ブログ「ヤマログ」
,,https://yamalog.flow-t.net/gear/spatter/,焚き火のマナー「スパッタシート」のススメ - 福岡ドタバタ登山ブログ「ヤマログ」福岡ドタバタ登山ブログ「ヤマログ」
,,https://yamalog.flow-t.net/gear/st-310/,SOTO ST-310は商品説明がうさんくさいけど実力は本物だった - 福岡ドタバタ登山ブログ「ヤマログ」福岡ドタバタ登山ブログ「ヤマログ」
,,https://yamalog.flow-t.net/gear/steel-belt/,コールマン スチールベルト レビュー 伝説のクーラーボックスの実力と欠点 - 福岡ドタバタ登山ブログ「ヤマログ」福岡ドタバタ登山ブログ「ヤマログ」
,,https://yamalog.flow-t.net/gear/stellaridge-tent/,ステラリッジテント　レビュー　アライテントとどっちを選ぶ？ - 福岡ドタバタ登山ブログ「ヤマログ」福岡ドタバタ登山ブログ「ヤマログ」
,,https://yamalog.flow-t.net/gear/storm-cruiser/,モンベル　ストームクルーザー　レビュー - 福岡ドタバタ登山ブログ「ヤマログ」福岡ドタバタ登山ブログ「ヤマログ」
,,https://yamalog.flow-t.net/gear/stove/,Lixada（中華）　ネイチャーストーブ - 福岡ドタバタ登山ブログ「ヤマログ」福岡ドタバタ登山ブログ「ヤマログ」
,,https://yamalog.flow-t.net/gear/super-merino-wool/,モンベルのスーパーメリノウールは冬登山の汗冷え対策に最良の選択肢！ - 福岡ドタバタ登山ブログ「ヤマログ」福岡ドタバタ登山ブログ「ヤマログ」
,,https://yamalog.flow-t.net/gear/temres/,コスパ最強の防寒テムレスは雪山グローブの革命児や～（彦麻呂） - 福岡ドタバタ登山ブログ「ヤマログ」福岡ドタバタ登山ブログ「ヤマログ」
,,https://yamalog.flow-t.net/gear/tent/,キャンプと違う！山のテント選びはここが大事！ - 福岡ドタバタ登山ブログ「ヤマログ」福岡ドタバタ登山ブログ「ヤマログ」
,,https://yamalog.flow-t.net/gear/tiger-bottle/,「タイガー　ステンレスミニボトル」昭和の大発明「魔法瓶」が30年の間にここまで進化してた - 福岡ドタバタ登山ブログ「ヤマログ」福岡ドタバタ登山ブログ「ヤマログ」
,,https://yamalog.flow-t.net/gear/torrent-flier/,モンベル　トレントフライヤー　レビュー - 福岡ドタバタ登山ブログ「ヤマログ」福岡ドタバタ登山ブログ「ヤマログ」
,,https://yamalog.flow-t.net/gear/tripod/,トライポッド＆焚き火台　DOPPELGANGER「ライダーズファイアクレードル」 - 福岡ドタバタ登山ブログ「ヤマログ」福岡ドタバタ登山ブログ「ヤマログ」
,,https://yamalog.flow-t.net/gear/tsdry/,TSデザインTSドライが半額でミレーのドライナミックメッシュと同等の性能ですよ - 福岡ドタバタ登山ブログ「ヤマログ」福岡ドタバタ登山ブログ「ヤマログ」
,,https://yamalog.flow-t.net/gear/uniflame-fire-grill/,使いやすく、価格も安く、安心の日本製なユニフレームのファイアグリル - 福岡ドタバタ登山ブログ「ヤマログ」福岡ドタバタ登山ブログ「ヤマログ」
,,https://yamalog.flow-t.net/gear/uniflame-mini-peg/,ユニフレーム「ちびペグ」レビュー - 小さくても頼りになる!キャンパー必携の万能ペグ - 福岡ドタバタ登山ブログ「ヤマログ」福岡ドタバタ登山ブログ「ヤマログ」
,,https://yamalog.flow-t.net/gear/vesgride/,カスタム180パターン！アウトドア感満載のワイルドスクーター「VESGRIDE」がカッコ良すぎる - 福岡ドタバタ登山ブログ「ヤマログ」福岡ドタバタ登山ブログ「ヤマログ」
,,https://yamalog.flow-t.net/gear/victorinox/,十徳ナイフのビクトリノックスか、ナイフ一本のオピネルか - 福岡ドタバタ登山ブログ「ヤマログ」福岡ドタバタ登山ブログ「ヤマログ」
,,https://yamalog.flow-t.net/gear/workman-slipon/,1500円の安さでもオシャレで実用的なワークマンのライトスリッポン - 福岡ドタバタ登山ブログ「ヤマログ」福岡ドタバタ登山ブログ「ヤマログ」
,,https://yamalog.flow-t.net/gear/yutanpo/,冬キャンプでの湯たんぽが頼りになりすぎる - 福岡ドタバタ登山ブログ「ヤマログ」福岡ドタバタ登山ブログ「ヤマログ」
,,https://yamalog.flow-t.net/gear/zamst-2/,サポーター　ザムスト JKバンド - 福岡ドタバタ登山ブログ「ヤマログ」福岡ドタバタ登山ブログ「ヤマログ」
,,https://yamalog.flow-t.net/gear/zippo/,登山キャンプでの着火道具を3年間いろいろ試して行き着いた先はZIPPOだった - 福岡ドタバタ登山ブログ「ヤマログ」福岡ドタバタ登山ブログ「ヤマログ」
,https://yamalog.flow-t.net/policy/,プライバシーポリシー - 福岡ドタバタ登山ブログ「ヤマログ」福岡ドタバタ登山ブログ「ヤマログ」
,https://yamalog.flow-t.net/start/,アウトドア雑学 アーカイブ - 福岡ドタバタ登山ブログ「ヤマログ」福岡ドタバタ登山ブログ「ヤマログ」
,,https://yamalog.flow-t.net/start/access/,マイカー？電車？登山の交通手段の良いとこ悪いとこ - 福岡ドタバタ登山ブログ「ヤマログ」福岡ドタバタ登山ブログ「ヤマログ」
,,https://yamalog.flow-t.net/start/ballistic_nylon/,【頑丈すぎ？】バリスティックナイロンってどんな素材？その魅力を解説 - 福岡ドタバタ登山ブログ「ヤマログ」福岡ドタバタ登山ブログ「ヤマログ」
,,https://yamalog.flow-t.net/start/bear/,クマとの遭遇を避けるための実践的な対策と心構え - 福岡ドタバタ登山ブログ「ヤマログ」福岡ドタバタ登山ブログ「ヤマログ」
,,https://yamalog.flow-t.net/start/best-peg/,【激安ペグ】1個50円のホームセンター金具がペグになる - 福岡ドタバタ登山ブログ「ヤマログ」福岡ドタバタ登山ブログ「ヤマログ」
,,https://yamalog.flow-t.net/start/bibram/,ビブラムソール完全ガイド - 登山靴の頼れる相棒の魅力と選び方 - 福岡ドタバタ登山ブログ「ヤマログ」福岡ドタバタ登山ブログ「ヤマログ」
,,https://yamalog.flow-t.net/start/boar/,山でイノシシと会ったときの対処法 - 福岡ドタバタ登山ブログ「ヤマログ」福岡ドタバタ登山ブログ「ヤマログ」
,,https://yamalog.flow-t.net/start/bonfire-base/,焚き火の基本 - 福岡ドタバタ登山ブログ「ヤマログ」福岡ドタバタ登山ブログ「ヤマログ」
,,https://yamalog.flow-t.net/start/bonfire-firewood/,焚き火の薪の種類と特徴 - 福岡ドタバタ登山ブログ「ヤマログ」福岡ドタバタ登山ブログ「ヤマログ」
,,https://yamalog.flow-t.net/start/camera-treck/,登山でスマートに一眼を持っていくための5つの裏テク - 福岡ドタバタ登山ブログ「ヤマログ」福岡ドタバタ登山ブログ「ヤマログ」
,,https://yamalog.flow-t.net/start/charcoal-smell/,焚き火、バーベキューで服についた炭のニオイを落とすには？ - 福岡ドタバタ登山ブログ「ヤマログ」福岡ドタバタ登山ブログ「ヤマログ」
,,https://yamalog.flow-t.net/start/charcoal/,アウトドア入門「炭」マスターへの道 - 福岡ドタバタ登山ブログ「ヤマログ」福岡ドタバタ登山ブログ「ヤマログ」
,,https://yamalog.flow-t.net/start/clean/,登山中の衛生管理を考える - 福岡ドタバタ登山ブログ「ヤマログ」福岡ドタバタ登山ブログ「ヤマログ」
,,https://yamalog.flow-t.net/start/cocoheli/,遭難の備え、登山保険だけで本当に大丈夫？ヘリ捜索特化の「ココヘリ」が頼もしい - 福岡ドタバタ登山ブログ「ヤマログ」福岡ドタバタ登山ブログ「ヤマログ」
,,https://yamalog.flow-t.net/start/cooker/,山頂ごはんにプラスワン！「コッヘル」の選び方 - 福岡ドタバタ登山ブログ「ヤマログ」福岡ドタバタ登山ブログ「ヤマログ」
,,https://yamalog.flow-t.net/start/firelighter/,焚き火最強の着火剤は白樺の樹皮でも麻ひもでもありませんから！ - 福岡ドタバタ登山ブログ「ヤマログ」福岡ドタバタ登山ブログ「ヤマログ」
,,https://yamalog.flow-t.net/start/gore-tex/,ゴアテックスとは？ - 福岡ドタバタ登山ブログ「ヤマログ」福岡ドタバタ登山ブログ「ヤマログ」
,,https://yamalog.flow-t.net/start/goretex/,ゴアテックス本当に理解してる？　ベテランほどありがちな間違いをチェック - 福岡ドタバタ登山ブログ「ヤマログ」福岡ドタバタ登山ブログ「ヤマログ」
,,https://yamalog.flow-t.net/start/hornet/,登山でのスズメバチ対策 - 福岡ドタバタ登山ブログ「ヤマログ」福岡ドタバタ登山ブログ「ヤマログ」
,,https://yamalog.flow-t.net/start/hot-sand-maker-potential/,ホットサンドメーカーさんはまだ眠っている力がおありになる（最長老） - 福岡ドタバタ登山ブログ「ヤマログ」福岡ドタバタ登山ブログ「ヤマログ」
,,https://yamalog.flow-t.net/start/insurance-docomo/,ドコモワンタイム保険は登山保険としてはどうなの？ - 福岡ドタバタ登山ブログ「ヤマログ」福岡ドタバタ登山ブログ「ヤマログ」
,,https://yamalog.flow-t.net/start/insurance/,低い山しか登らないし登山保険なんていらないでしょ？ - 福岡ドタバタ登山ブログ「ヤマログ」福岡ドタバタ登山ブログ「ヤマログ」
,,https://yamalog.flow-t.net/start/isen/,冬山になければ命取り！「アイゼン」のタイプ別おすすめと選び方 - 福岡ドタバタ登山ブログ「ヤマログ」福岡ドタバタ登山ブログ「ヤマログ」
,,https://yamalog.flow-t.net/start/item/,登山の持ち物「それ本当に必要？」「それそんなにお金かける？」 - 福岡ドタバタ登山ブログ「ヤマログ」福岡ドタバタ登山ブログ「ヤマログ」
,,https://yamalog.flow-t.net/start/jro/,登山保険「jRO」ってどうなの？ - 福岡ドタバタ登山ブログ「ヤマログ」福岡ドタバタ登山ブログ「ヤマログ」
,,https://yamalog.flow-t.net/start/lodge/,初めての山小屋泊！不安を解消するよくある質問Q&A - 福岡ドタバタ登山ブログ「ヤマログ」福岡ドタバタ登山ブログ「ヤマログ」
,,https://yamalog.flow-t.net/start/mont-bell-insurance/,モンベルの登山保険の選び方 - 福岡ドタバタ登山ブログ「ヤマログ」福岡ドタバタ登山ブログ「ヤマログ」
,,https://yamalog.flow-t.net/start/nylon-polyester-cordura/,アウトドア初心者必見！ナイロン vs ポリエステル vs コーデュラナイロン - プロが教える最強の素材選び - 福岡ドタバタ登山ブログ「ヤマログ」福岡ドタバタ登山ブログ「ヤマログ」
,,https://yamalog.flow-t.net/start/outdoor-brand/,アウトドアブランドの違いと選び方 - 初心者からベテランまで知っておくべきポイント - 福岡ドタバタ登山ブログ「ヤマログ」福岡ドタバタ登山ブログ「ヤマログ」
,,https://yamalog.flow-t.net/start/packing/,失敗しない登山のパッキング術 - 軽量化と安全性の両立 - 福岡ドタバタ登山ブログ「ヤマログ」福岡ドタバタ登山ブログ「ヤマログ」
,,https://yamalog.flow-t.net/start/planning/,すぐそこの山に行くのに登山届けは必要ないですよね？ - 福岡ドタバタ登山ブログ「ヤマログ」福岡ドタバタ登山ブログ「ヤマログ」
,,https://yamalog.flow-t.net/start/pole/,トレッキングポール使ったら負けなんですか？ - 福岡ドタバタ登山ブログ「ヤマログ」福岡ドタバタ登山ブログ「ヤマログ」
,,https://yamalog.flow-t.net/start/rain-treck/,雨の日の登山 - 初心者のための知識と心構え - 福岡ドタバタ登山ブログ「ヤマログ」福岡ドタバタ登山ブログ「ヤマログ」
,,https://yamalog.flow-t.net/start/sack-2/,登山初心者のザック選び-背面長の重要性- 福岡ドタバタ登山ブログ「ヤマログ」福岡ドタバタ登山ブログ「ヤマログ」
,,https://yamalog.flow-t.net/start/sack-3/,登山初心者のザック選び-お店で選ぶ- 福岡ドタバタ登山ブログ「ヤマログ」福岡ドタバタ登山ブログ「ヤマログ」
,,https://yamalog.flow-t.net/start/sack/,登山初心者のザック選び-トップローダーとパネルローダー- 福岡ドタバタ登山ブログ「ヤマログ」福岡ドタバタ登山ブログ「ヤマログ」
,,https://yamalog.flow-t.net/start/sacoche/,サコッシュ便利すぎワロタ　これはもうドラえもんのポケットですわ - 福岡ドタバタ登山ブログ「ヤマログ」福岡ドタバタ登山ブログ「ヤマログ」
,,https://yamalog.flow-t.net/start/shoelace/,登山で失敗しない!プロが教える靴紐の結び方完全ガイド - 福岡ドタバタ登山ブログ「ヤマログ」福岡ドタバタ登山ブログ「ヤマログ」
,,https://yamalog.flow-t.net/start/sleeping-bag/,実は超重要！寝袋を正しく選ぶためのたった2つのポイント - 福岡ドタバタ登山ブログ「ヤマログ」福岡ドタバタ登山ブログ「ヤマログ」
,,https://yamalog.flow-t.net/start/solo-or-party/,一人での登山と集団での登山の違い - 福岡ドタバタ登山ブログ「ヤマログ」福岡ドタバタ登山ブログ「ヤマログ」
,,https://yamalog.flow-t.net/start/sttains-on-shirts/,アウトドア好きに捧ぐ!汚れたTシャツを蘇らせる究極の技 - 福岡ドタバタ登山ブログ「ヤマログ」福岡ドタバタ登山ブログ「ヤマログ」
,,https://yamalog.flow-t.net/start/tent/,キャンプと違う！山のテント選びはここが大事！ - 福岡ドタバタ登山ブログ「ヤマログ」福岡ドタバタ登山ブログ「ヤマログ」
,,https://yamalog.flow-t.net/start/tentmat/,寝袋マットとか贅沢品でしょ？ - 福岡ドタバタ登山ブログ「ヤマログ」福岡ドタバタ登山ブログ「ヤマログ」
,,https://yamalog.flow-t.net/start/treck-accident/,山で遭難したら、まず「お前が落ち着け」 - 福岡ドタバタ登山ブログ「ヤマログ」福岡ドタバタ登山ブログ「ヤマログ」
,,https://yamalog.flow-t.net/start/treck-first-aid/,登山中に捻挫、ケガしたときの応急処置 - 福岡ドタバタ登山ブログ「ヤマログ」福岡ドタバタ登山ブログ「ヤマログ」
,,https://yamalog.flow-t.net/start/treck-food/,登山における食事の完全ガイド：初心者から上級者まで役立つ究極の食事プラン - 福岡ドタバタ登山ブログ「ヤマログ」福岡ドタバタ登山ブログ「ヤマログ」
,,https://yamalog.flow-t.net/start/treck-inner/,登山での下着選び - 福岡ドタバタ登山ブログ「ヤマログ」福岡ドタバタ登山ブログ「ヤマログ」
,,https://yamalog.flow-t.net/start/treck-insole/,登山靴のインソール完全ガイド：快適な山歩きのための選び方と活用法 - 福岡ドタバタ登山ブログ「ヤマログ」福岡ドタバタ登山ブログ「ヤマログ」
,,https://yamalog.flow-t.net/start/treck-map/,登山における地図読みの重要性と基本 - 福岡ドタバタ登山ブログ「ヤマログ」福岡ドタバタ登山ブログ「ヤマログ」
,,https://yamalog.flow-t.net/start/treck-reason/,「なぜ山を登るのか」は「そこに山があるから」じゃない - 福岡ドタバタ登山ブログ「ヤマログ」福岡ドタバタ登山ブログ「ヤマログ」
,,https://yamalog.flow-t.net/start/treck-rule/,山のマナーとルール総まとめ！初心者からベテランまで知っておくべき45のポイント - 福岡ドタバタ登山ブログ「ヤマログ」福岡ドタバタ登山ブログ「ヤマログ」
,,https://yamalog.flow-t.net/start/treck-shoes-select/,登山靴の選び方 - 初心者からベテランまで押さえておきたいポイント - 福岡ドタバタ登山ブログ「ヤマログ」福岡ドタバタ登山ブログ「ヤマログ」
,,https://yamalog.flow-t.net/start/treck-survival/,山でのサバイバル術 - 万が一の事態に備える知識と技能 - 福岡ドタバタ登山ブログ「ヤマログ」福岡ドタバタ登山ブログ「ヤマログ」
,,https://yamalog.flow-t.net/start/treck-wear/,登山の服装完全ガイド - 快適で安全な山行のために - 福岡ドタバタ登山ブログ「ヤマログ」福岡ドタバタ登山ブログ「ヤマログ」
,,https://yamalog.flow-t.net/start/treck-weather/,登山の天気 - 福岡ドタバタ登山ブログ「ヤマログ」福岡ドタバタ登山ブログ「ヤマログ」
,,https://yamalog.flow-t.net/start/trecking-pole/,トレッキングポールの選び方と使い方 - 福岡ドタバタ登山ブログ「ヤマログ」福岡ドタバタ登山ブログ「ヤマログ」
,,https://yamalog.flow-t.net/start/walk/,山の疲れない歩き方 - 福岡ドタバタ登山ブログ「ヤマログ」福岡ドタバタ登山ブログ「ヤマログ」
,,https://yamalog.flow-t.net/start/wear/,登山初心者の服装は？ - 福岡ドタバタ登山ブログ「ヤマログ」福岡ドタバタ登山ブログ「ヤマログ」
,,https://yamalog.flow-t.net/start/woman-treck/,女性のための登山tips - 福岡ドタバタ登山ブログ「ヤマログ」福岡ドタバタ登山ブログ「ヤマログ」
,,https://yamalog.flow-t.net/start/yamap-insurance-2/,YAMAP登山保険が生まれ変わった！…けど - 福岡ドタバタ登山ブログ「ヤマログ」福岡ドタバタ登山ブログ「ヤマログ」
,,https://yamalog.flow-t.net/start/yamap-insurance/,YAMAPの登山保険を選ぶ意味がわからない - 福岡ドタバタ登山ブログ「ヤマログ」福岡ドタバタ登山ブログ「ヤマログ」
,,https://yamalog.flow-t.net/tag/%e3%82%ad%e3%83%a3%e3%83%b3%e3%83%97/,キャンプ アーカイブ - 福岡ドタバタ登山ブログ「ヤマログ」福岡ドタバタ登山ブログ「ヤマログ」
,,https://yamalog.flow-t.net/tag/%e3%82%bd%e3%83%ad%e3%82%ad%e3%83%a3%e3%83%b3%e3%83%97/,ソロキャンプ アーカイブ - 福岡ドタバタ登山ブログ「ヤマログ」福岡ドタバタ登山ブログ「ヤマログ」
,,https://yamalog.flow-t.net/tag/%e3%83%a2%e3%83%b3%e3%83%99%e3%83%ab/,モンベル アーカイブ - 福岡ドタバタ登山ブログ「ヤマログ」福岡ドタバタ登山ブログ「ヤマログ」
,,https://yamalog.flow-t.net/tag/%e3%83%ac%e3%82%a4%e3%83%b3%e3%82%a6%e3%82%a7%e3%82%a2/,レインウェア アーカイブ - 福岡ドタバタ登山ブログ「ヤマログ」福岡ドタバタ登山ブログ「ヤマログ」
,,https://yamalog.flow-t.net/tag/%e8%aa%bf%e7%90%86/,調理 アーカイブ - 福岡ドタバタ登山ブログ「ヤマログ」福岡ドタバタ登山ブログ「ヤマログ」
,,https://yamalog.flow-t.net/tag/bike/,立石山｜自転車 アーカイブ - 福岡ドタバタ登山ブログ「ヤマログ」福岡ドタバタ登山ブログ「ヤマログ」
,,https://yamalog.flow-t.net/tag/burner/,バーナー アーカイブ - 福岡ドタバタ登山ブログ「ヤマログ」福岡ドタバタ登山ブログ「ヤマログ」
,,https://yamalog.flow-t.net/tag/bus/,牛頸山｜バス アーカイブ - 福岡ドタバタ登山ブログ「ヤマログ」福岡ドタバタ登山ブログ「ヤマログ」
,,https://yamalog.flow-t.net/tag/camera/,カメラ アーカイブ - 福岡ドタバタ登山ブログ「ヤマログ」福岡ドタバタ登山ブログ「ヤマログ」
,,https://yamalog.flow-t.net/tag/car/,二丈岳｜車 アーカイブ - 福岡ドタバタ登山ブログ「ヤマログ」福岡ドタバタ登山ブログ「ヤマログ」
,,https://yamalog.flow-t.net/tag/china/,中国製品 アーカイブ - 福岡ドタバタ登山ブログ「ヤマログ」福岡ドタバタ登山ブログ「ヤマログ」
,,https://yamalog.flow-t.net/tag/climbing/,登山 アーカイブ - 福岡ドタバタ登山ブログ「ヤマログ」福岡ドタバタ登山ブログ「ヤマログ」
,,https://yamalog.flow-t.net/tag/cloudy/,青螺山｜曇り アーカイブ - 福岡ドタバタ登山ブログ「ヤマログ」福岡ドタバタ登山ブログ「ヤマログ」
,,https://yamalog.flow-t.net/tag/cold/,寒さ対策 アーカイブ - 福岡ドタバタ登山ブログ「ヤマログ」福岡ドタバタ登山ブログ「ヤマログ」
,,https://yamalog.flow-t.net/tag/cook/,料理 アーカイブ - 福岡ドタバタ登山ブログ「ヤマログ」福岡ドタバタ登山ブログ「ヤマログ」
,,https://yamalog.flow-t.net/tag/day/,二丈岳｜昼 アーカイブ - 福岡ドタバタ登山ブログ「ヤマログ」福岡ドタバタ登山ブログ「ヤマログ」
,,https://yamalog.flow-t.net/tag/daytrip/,二丈岳｜日帰り アーカイブ - 福岡ドタバタ登山ブログ「ヤマログ」福岡ドタバタ登山ブログ「ヤマログ」
,,https://yamalog.flow-t.net/tag/fall/,久住山｜秋 アーカイブ - 福岡ドタバタ登山ブログ「ヤマログ」福岡ドタバタ登山ブログ「ヤマログ」
,,https://yamalog.flow-t.net/tag/fire/,焚き火 アーカイブ - 福岡ドタバタ登山ブログ「ヤマログ」福岡ドタバタ登山ブログ「ヤマログ」
,,https://yamalog.flow-t.net/tag/fukuoka/,二丈岳｜福岡 アーカイブ - 福岡ドタバタ登山ブログ「ヤマログ」福岡ドタバタ登山ブログ「ヤマログ」
,,https://yamalog.flow-t.net/tag/gregory/,グレゴリー アーカイブ - 福岡ドタバタ登山ブログ「ヤマログ」福岡ドタバタ登山ブログ「ヤマログ」
,,https://yamalog.flow-t.net/tag/insurance/,保険 アーカイブ - 福岡ドタバタ登山ブログ「ヤマログ」福岡ドタバタ登山ブログ「ヤマログ」
,,https://yamalog.flow-t.net/tag/knife/,ナイフ アーカイブ - 福岡ドタバタ登山ブログ「ヤマログ」福岡ドタバタ登山ブログ「ヤマログ」
,,https://yamalog.flow-t.net/tag/light/,照明 アーカイブ - 福岡ドタバタ登山ブログ「ヤマログ」福岡ドタバタ登山ブログ「ヤマログ」
,,https://yamalog.flow-t.net/tag/morning/,天山｜朝 アーカイブ - 福岡ドタバタ登山ブログ「ヤマログ」福岡ドタバタ登山ブログ「ヤマログ」
,,https://yamalog.flow-t.net/tag/movie/,動画 アーカイブ - 福岡ドタバタ登山ブログ「ヤマログ」福岡ドタバタ登山ブログ「ヤマログ」
,,https://yamalog.flow-t.net/tag/natural/,ナチュラル アーカイブ - 福岡ドタバタ登山ブログ「ヤマログ」福岡ドタバタ登山ブログ「ヤマログ」
,,https://yamalog.flow-t.net/tag/night/,久住山｜夜 アーカイブ - 福岡ドタバタ登山ブログ「ヤマログ」福岡ドタバタ登山ブログ「ヤマログ」
,,https://yamalog.flow-t.net/tag/oita/,久住山｜大分 アーカイブ - 福岡ドタバタ登山ブログ「ヤマログ」福岡ドタバタ登山ブログ「ヤマログ」
,,https://yamalog.flow-t.net/tag/party/,背振山｜大人数 アーカイブ - 福岡ドタバタ登山ブログ「ヤマログ」福岡ドタバタ登山ブログ「ヤマログ」
,,https://yamalog.flow-t.net/tag/rain/,由布岳｜雨 アーカイブ - 福岡ドタバタ登山ブログ「ヤマログ」福岡ドタバタ登山ブログ「ヤマログ」
,,https://yamalog.flow-t.net/tag/sack/,ザック アーカイブ - 福岡ドタバタ登山ブログ「ヤマログ」福岡ドタバタ登山ブログ「ヤマログ」
,,https://yamalog.flow-t.net/tag/saga/,青螺山｜佐賀 アーカイブ - 福岡ドタバタ登山ブログ「ヤマログ」福岡ドタバタ登山ブログ「ヤマログ」
,,https://yamalog.flow-t.net/tag/ship/,普賢岳｜船 アーカイブ - 福岡ドタバタ登山ブログ「ヤマログ」福岡ドタバタ登山ブログ「ヤマログ」
,,https://yamalog.flow-t.net/tag/small/,天山｜少人数 アーカイブ - 福岡ドタバタ登山ブログ「ヤマログ」福岡ドタバタ登山ブログ「ヤマログ」
,,https://yamalog.flow-t.net/tag/snow/,久住山｜雪 アーカイブ - 福岡ドタバタ登山ブログ「ヤマログ」福岡ドタバタ登山ブログ「ヤマログ」
,,https://yamalog.flow-t.net/tag/snowpeak/,スノーピーク アーカイブ - 福岡ドタバタ登山ブログ「ヤマログ」福岡ドタバタ登山ブログ「ヤマログ」
,,https://yamalog.flow-t.net/tag/solo/,二丈岳｜ソロ アーカイブ - 福岡ドタバタ登山ブログ「ヤマログ」福岡ドタバタ登山ブログ「ヤマログ」
,,https://yamalog.flow-t.net/tag/spring/,二丈岳｜春 アーカイブ - 福岡ドタバタ登山ブログ「ヤマログ」福岡ドタバタ登山ブログ「ヤマログ」
,,https://yamalog.flow-t.net/tag/stay/,青螺山｜宿泊 アーカイブ - 福岡ドタバタ登山ブログ「ヤマログ」福岡ドタバタ登山ブログ「ヤマログ」
,,https://yamalog.flow-t.net/tag/summer/,青螺山｜夏 アーカイブ - 福岡ドタバタ登山ブログ「ヤマログ」福岡ドタバタ登山ブログ「ヤマログ」
,,https://yamalog.flow-t.net/tag/sunny/,二丈岳｜晴れ アーカイブ - 福岡ドタバタ登山ブログ「ヤマログ」福岡ドタバタ登山ブログ「ヤマログ」
,,https://yamalog.flow-t.net/tag/tent/,テント アーカイブ - 福岡ドタバタ登山ブログ「ヤマログ」福岡ドタバタ登山ブログ「ヤマログ」
,,https://yamalog.flow-t.net/tag/tentmark/,テンマクデザイン アーカイブ - 福岡ドタバタ登山ブログ「ヤマログ」福岡ドタバタ登山ブログ「ヤマログ」
,,https://yamalog.flow-t.net/tag/train/,牛頸山｜電車 アーカイブ - 福岡ドタバタ登山ブログ「ヤマログ」福岡ドタバタ登山ブログ「ヤマログ」
,,https://yamalog.flow-t.net/tag/winter/,冬 アーカイブ - 福岡ドタバタ登山ブログ「ヤマログ」福岡ドタバタ登山ブログ「ヤマログ」
,,https://yamalog.flow-t.net/tag/workman/,ワークマン アーカイブ - 福岡ドタバタ登山ブログ「ヤマログ」福岡ドタバタ登山ブログ「ヤマログ」


【取得失敗URL一覧】
URL,エラー理由
https://yamalog.flow-t.net/gear/airise/aaa/,HTTP 404
https://yamalog.flow-t.net/gear/annter-tent/aaa/,HTTP 404
https://yamalog.flow-t.net/gear/astro-produccts-axe/aaa/,HTTP 404
https://yamalog.flow-t.net/gear/atomcam/aaa/,HTTP 404
https://yamalog.flow-t.net/gear/baisokutouketsu/aaa/,HTTP 404
https://yamalog.flow-t.net/gear/baltoro/aaa/,HTTP 404
https://yamalog.flow-t.net/gear/bergtech/aaa/,HTTP 404
https://yamalog.flow-t.net/gear/bundok-solo-base/aaa/,HTTP 404
https://yamalog.flow-t.net/gear/butterfly-lantern-1/aaa/,HTTP 404
https://yamalog.flow-t.net/gear/butterfly-lantern-2/aaa/,HTTP 404
https://yamalog.flow-t.net/gear/butterfly-lantern-needle/aaa/,HTTP 404
https://yamalog.flow-t.net/gear/butterfly-lantern-overflow/aaa/,HTTP 404
https://yamalog.flow-t.net/gear/c1/aaa/,HTTP 404
https://yamalog.flow-t.net/gear/camera_holder/aaa/,HTTP 404
https://yamalog.flow-t.net/gear/captain-stag-mat/aaa/,HTTP 404
https://yamalog.flow-t.net/gear/captainstag-mini-table/aaa/,HTTP 404
https://yamalog.flow-t.net/gear/carry-wagon/aaa/,HTTP 404
https://yamalog.flow-t.net/gear/cha-cha-pack/aaa/,HTTP 404
https://yamalog.flow-t.net/gear/chachapack/aaa/,HTTP 404
https://yamalog.flow-t.net/gear/circustc/aaa/,HTTP 404
https://yamalog.flow-t.net/gear/cooker-2/aaa/,HTTP 404
https://yamalog.flow-t.net/gear/cooker-combo/aaa/,HTTP 404
https://yamalog.flow-t.net/gear/couger/aaa/,HTTP 404
https://yamalog.flow-t.net/gear/cross-warmer/aaa/,HTTP 404
https://yamalog.flow-t.net/gear/dabada-pole/aaa/,HTTP 404
https://yamalog.flow-t.net/gear/danner-field/aaa/,HTTP 404
https://yamalog.flow-t.net/gear/dod-kamaboko-tent/aaa/,HTTP 404
https://yamalog.flow-t.net/gear/dod-natural-tarp/aaa/,HTTP 404
https://yamalog.flow-t.net/gear/dragonfly/aaa/,HTTP 404
https://yamalog.flow-t.net/gear/drinkholder/aaa/,HTTP 404
https://yamalog.flow-t.net/gear/ellisse-stake/aaa/,HTTP 404
https://yamalog.flow-t.net/gear/eyemag/aaa/,HTTP 404
https://yamalog.flow-t.net/gear/field-hopper/aaa/,HTTP 404
https://yamalog.flow-t.net/gear/fieldoor-tarp/aaa/,HTTP 404
https://yamalog.flow-t.net/gear/fire-bluster/aaa/,HTTP 404
https://yamalog.flow-t.net/gear/fire-hanger/aaa/,HTTP 404
https://yamalog.flow-t.net/gear/fire-pan/aaa/,HTTP 404
https://yamalog.flow-t.net/gear/firedisk/aaa/,HTTP 404
https://yamalog.flow-t.net/gear/fujifilm_x-t10/aaa/,HTTP 404
https://yamalog.flow-t.net/gear/futura42/aaa/,HTTP 404
https://yamalog.flow-t.net/gear/geertop-tent/aaa/,HTTP 404
https://yamalog.flow-t.net/gear/geoline/aaa/,HTTP 404
https://yamalog.flow-t.net/gear/getent/aaa/,HTTP 404
https://yamalog.flow-t.net/gear/gregory-staut/aaa/,HTTP 404
https://yamalog.flow-t.net/gear/grill/aaa/,HTTP 404
https://yamalog.flow-t.net/gear/hakukin/aaa/,HTTP 404
https://yamalog.flow-t.net/gear/hotsandmaker/aaa/,HTTP 404
https://yamalog.flow-t.net/gear/hyperlightm/aaa/,HTTP 404
https://yamalog.flow-t.net/gear/iwatani-stove/aaa/,HTTP 404
https://yamalog.flow-t.net/gear/jetboil/aaa/,HTTP 404
https://yamalog.flow-t.net/gear/kamaboko/aaa/,HTTP 404
https://yamalog.flow-t.net/gear/kaoru/aaa/,HTTP 404
https://yamalog.flow-t.net/gear/karrimor_ridge/aaa/,HTTP 404
https://yamalog.flow-t.net/gear/kestrel/aaa/,HTTP 404
https://yamalog.flow-t.net/gear/knife/aaa/,HTTP 404
https://yamalog.flow-t.net/gear/mammut_ducan_spine/aaa/,HTTP 404
https://yamalog.flow-t.net/gear/merino-wool/aaa/,HTTP 404
https://yamalog.flow-t.net/gear/millet_wanaka/aaa/,HTTP 404
https://yamalog.flow-t.net/gear/moab/aaa/,HTTP 404
https://yamalog.flow-t.net/gear/mont-bell-galena-pack/aaa/,HTTP 404
https://yamalog.flow-t.net/gear/mont-bell-granite-pack/aaa/,HTTP 404
https://yamalog.flow-t.net/gear/mont-bell-kitra-pack/aaa/,HTTP 404
https://yamalog.flow-t.net/gear/mont-bell-spike/aaa/,HTTP 404
https://yamalog.flow-t.net/gear/mont-bell-storm-pack/aaa/,HTTP 404
https://yamalog.flow-t.net/gear/mont-bell-superior/aaa/,HTTP 404
https://yamalog.flow-t.net/gear/mont-bell-versalite-pack/aaa/,HTTP 404
https://yamalog.flow-t.net/gear/montbell-backpack/aaa/,HTTP 404
https://yamalog.flow-t.net/gear/montbell-sacoche/aaa/,HTTP 404
https://yamalog.flow-t.net/gear/montbell-zelt/aaa/,HTTP 404
https://yamalog.flow-t.net/gear/moon-light-tent/aaa/,HTTP 404
https://yamalog.flow-t.net/gear/msr-stove/aaa/,HTTP 404
https://yamalog.flow-t.net/gear/muson/aaa/,HTTP 404
https://yamalog.flow-t.net/gear/naturehike%e3%81%ae%e3%83%86%e3%83%b3%e3%83%88%e3%80%81%e4%b8%ad%e8%8f%af%e3%81%a0%e3%81%8b%e3%82%89%e3%81%a3%e3%81%a6%e7%94%98%e3%81%8f%e8%a6%8b%e3%81%a6%e3%81%9f/aaa/,HTTP 404
https://yamalog.flow-t.net/gear/north-star/aaa/,HTTP 404
https://yamalog.flow-t.net/gear/onoe-table/aaa/,HTTP 404
https://yamalog.flow-t.net/gear/outlander/aaa/,HTTP 404
https://yamalog.flow-t.net/gear/pico-grill/aaa/,HTTP 404
https://yamalog.flow-t.net/gear/picogrill/aaa/,HTTP 404
https://yamalog.flow-t.net/gear/platypus/aaa/,HTTP 404
https://yamalog.flow-t.net/gear/pocket-boy/aaa/,HTTP 404
https://yamalog.flow-t.net/gear/pocket-torch/aaa/,HTTP 404
https://yamalog.flow-t.net/gear/pole-2/aaa/,HTTP 404
https://yamalog.flow-t.net/gear/pouch/aaa/,HTTP 404
https://yamalog.flow-t.net/gear/ridge/aaa/,HTTP 404
https://yamalog.flow-t.net/gear/roaster/aaa/,HTTP 404
https://yamalog.flow-t.net/gear/saasfee/aaa/,HTTP 404
https://yamalog.flow-t.net/gear/sacoche-2/aaa/,HTTP 404
https://yamalog.flow-t.net/gear/sakosh-granite-gear/aaa/,HTTP 404
https://yamalog.flow-t.net/gear/sea_anchor/aaa/,HTTP 404
https://yamalog.flow-t.net/gear/sierra-cup/aaa/,HTTP 404
https://yamalog.flow-t.net/gear/snow-peak-firestand/aaa/,HTTP 404
https://yamalog.flow-t.net/gear/snow-peak-sierra/aaa/,HTTP 404
https://yamalog.flow-t.net/gear/snowpeak-firestand/aaa/,HTTP 404
https://yamalog.flow-t.net/gear/snowpeak-firestand/{amazon-url}/,HTTP 404
https://yamalog.flow-t.net/gear/snowpeak-firestand/{rakuten-url}/,HTTP 404
https://yamalog.flow-t.net/gear/solid-stake-ellisse-stake/aaa/,HTTP 404
https://yamalog.flow-t.net/gear/spatter/aaa/,HTTP 404
https://yamalog.flow-t.net/gear/st-310/aaa/,HTTP 404
https://yamalog.flow-t.net/gear/steel-belt/aaa/,HTTP 404
https://yamalog.flow-t.net/gear/stellaridge-tent/aaa/,HTTP 404
https://yamalog.flow-t.net/gear/storm-cruiser/aaa/,HTTP 404
https://yamalog.flow-t.net/gear/stove/aaa/,HTTP 404
https://yamalog.flow-t.net/gear/super-merino-wool/aaa/,HTTP 404
https://yamalog.flow-t.net/gear/temres/aaa/,HTTP 404
https://yamalog.flow-t.net/gear/tiger-bottle/aaa/,HTTP 404
https://yamalog.flow-t.net/gear/torrent-flier/aaa/,HTTP 404
https://yamalog.flow-t.net/gear/tripod/aaa/,HTTP 404
https://yamalog.flow-t.net/gear/tsdry/aaa/,HTTP 404
https://yamalog.flow-t.net/gear/uniflame-fire-grill/aaa/,HTTP 404
https://yamalog.flow-t.net/gear/uniflame-mini-peg/aaa/,HTTP 404
https://yamalog.flow-t.net/gear/vesgride/aaa/,HTTP 404
https://yamalog.flow-t.net/gear/victorinox/aaa/,HTTP 404
https://yamalog.flow-t.net/gear/workman-slipon/aaa/,HTTP 404
https://yamalog.flow-t.net/gear/yutanpo/aaa/,HTTP 404
https://yamalog.flow-t.net/gear/zamst-2/aaa/,HTTP 404
https://yamalog.flow-t.net/gear/zippo/aaa/,HTTP 404
